merchant_id,name
A100000000000001000018,"PAPI LIVE"
A100000000000001005007,"jauhdekat dot com"
A100000000000001005010,"Voltras Agent Network"
A100000000000001005013,TukarAja
A100000000000001005016,Loket
A100000000000001005025,"Sports Warehouse NET"
A100000000000001005037,"theBalm Indonesia-unused"
A100000000000001005040,"PT Databiz Indonesia"
A100000000000001005043,"Tees Indonesia"
A100000000000001005046,"PT CITRA TIARA GLOBAL (Cititrans)"
A100000000000001005056,GadgetCiti
A100000000000001005059,Takzo
A100000000000001005062,Berrybenka
A100000000000001005068,"oke pay"
A100000000000001005074,Unicorner
A100000000000001005086,TokoFBku
A100000000000001005101,"PAC S5UNITY"
A100000000000001005104,"Lavola House"
A100000000000001005146,Craftline
A100000000000001005167,pixbook
A100000000000001005179,steelindonesia
A100000000000001005182,Soundistro
A100000000000001005206,Linea
A100000000000001005218,"PAC WEBSTORE ZOYA"
A100000000000001005221,"Bali Dolphin Interaction"
A100000000000001005233,Bridestory
A100000000000001005236,JKT48
A100000000000001005248,Sandiloka
A100000000000001005266,Sribu
A100000000000001005281,BaliFriendly
A100000000000001005284,"Batiqa Hotels"
A100000000000001005296,"Havehad Footwear"
A100000000000001005299,"Batik Queen"
A100000000000001005314,Klik-Eat
A100000000000001005323,"dunia waktu bersama"
A100000000000001005332,Indomog
A100000000000001005338,"Toko Dunia Bayi"
A100000000000001005350,InstanTicket
A100000000000001005365,Jejualan
A100000000000001005368,"Cipika Indosat"
A100000000000001005374,"CloudKilat by Infinys"
A100000000000001005380,"PT Grand Slam Golf"
A100000000000001005389,Coffesso
A100000000000001005392,"MORE by Morello"
A100000000000001005401,"UD Pison"
A100000000000001005407,"PT Disdus Indonesia"
A100000000000001005413,"PT Traveloka Indonesia"
A100000000000001005419,Cookies
A100000000000001005422,Bimbi
A100000000000001005437,Bumbukado
A100000000000001005443,"Poetih Entertainment"
A100000000000001005446,memangcanggih
A100000000000001005452,IndoKasih
A100000000000001005467,"Cetak Digital Dot Net"
A100000000000001005476,Tokopedia
A100000000000001005500,indoCENTER
A100000000000001005512,SAQINA
A100000000000001005515,"PT WISMA KARAWANG"
A100000000000001005521,YooCorner
A100000000000001005527,"Yohanes G. Pauly"
A100000000000001005530,"PT BERCA CAKRA TEKNOLOGI"
A100000000000001005542,"Adore My Beauty"
A100000000000001005554,"Belle Indonesia"
A100000000000001005566,"Payment Gateway"
A100000000000001005587,"Pilates in Motion"
A100000000000001005590,Pegipegi
A100000000000001005626,BusanaEtnik
A100000000000001005653,"Ulin Ulin"
A100000000000001005674,"SHOPPE 33"
A100000000000001005695,"Putra Tjiluhur(TokoPDA)"
A100000000000001005698,Kollage
A100000000000001005707,Jacquelink
A100000000000001005713,Cinemaxx
A100000000000001005734,"PT Tiket2 Indonesia"
A100000000000001005749,"PT FUNIKA"
A100000000000001005755,"Etong Shop"
A100000000000001005764,"WALS 2014 Conference"
A100000000000001005776,"PAC MOMSTOBE"
A100000000000001005794,OlehOlehSowan
A100000000000001005797,wayang
A100000000000001005809,AlatSelam.Com
A100000000000001005845,"Universitas Bunda Mulia"
A100000000000001005848,Monstore
A100000000000001005860,RajaGPS
A100000000000001005863,"PACTINDO V2"
A100000000000001005869,PusatButik.com
A100000000000001005872,Telefon.co.id
A100000000000001005878,"PT Cekindo Bisnis Grup"
A100000000000001005880,"laxmi winterwear"
A100000000000001005886,"PT Media Pangan Indonesia"
A100000000000001005889,"FISIK SPORT"
A100000000000001005892,"10th ACOMFR 2014-IPG"
A100000000000001005895,"Gratia Prima Indonesia"
A100000000000001005910,"A Collective Market "
A100000000000001005913,"Adplus Digital Solusindo"
A100000000000001005919,"OUTLIVE SHOP"
A100000000000001005922,Qurban.id
A100000000000001005934,Yukberlibur
M005955,"ILUNI FEUI"
M005967,"Royal Safari Garden"
M005970,LocalBrandID
M005976,Ratukutek
M005982,"Tukang Bersih Indonesia"
M005991,"PAC DBATOE HOTEL"
M005994,"PAC ARDJUNA HOTEL"
M006003,"Lee Cooper-Vela Asia"
M006009,m-saku
M006012,"PT Equity Life Indonesia"
M006015,Golfclick
M006021,"TRIJAYA DEWATA"
M006030,Ruangguru
M006075,HOTERIP
M006078,Hijabenka
M006081,"Situs Variasi"
M006087,www.selus.in
M006093,Babyzania.com
M006099,TheBlowShoes-VelaAsia
M006102,"Wisata Dunia"
M006111,BhinnekaCom
M006117,"Elizabeth Wahyu"
M006132,"WALKINDO SUKSES REKREASI"
M006153,Hand-over
M006159,"PT Sinar Rezeki Handal"
M006171,Hurricane
M006204,SCOOP
M006207,Limoff
M006210,bulanmadu
M006213,SUNDAMOTOR
M006219,"PAC AMIRA HOTEL"
M006222,"PAC DAGOSHILL HOTEL"
M006225,"PAC BANTAL GULING"
M006228,"PAC HYPERINN"
M006240,"PAC TOKO BUKU PALASARI"
M006243,"PAC CRESSIDA"
M006258,Barcodemart
M006261,"Cudd Indonesia"
M006270,"PAC HOTEL GUCI"
M006276,simantap
M006297,"PT Bali Suci Tours"
M006309,"VIP Plaza"
M006312,"Beon Intermedia"
M006315,Tiketsoft
M006318,"UD Pison"
M006327,"Biogreen Science"
M006333,NgaturDuit
M006384,"PT.CIPAGANTI ASIA PERKASA"
M006387,mbymischa
M006399,"PT PinkFab Moda Indonesia"
M006405,"Acommerce Indonesia"
M006411,"Batik Agrapana Vela Asia"
M006417,"Biznet Wifi"
M006432,Kindercube
M006435,bobobobo
M006438,dealgoing
M006453,"Hammer Clothing"
M006459,"PAC THE VICTORIA"
M006462,"e-money isi ulang"
M006471,"Mentor Healthcare"
M006474,"Kubuku Hotel"
M006486,hulaa
M006516,www.dealnstay.com
M006525,"Hahaha Store"
M006537,"PT. Kuku Sejati Dinamika"
M006546,"PAC GRAND PACIFIC HOTEL"
M006549,"Indonesia Mengajar"
M006552,"Deity House"
M006558,ADABELANJA
M006567,"S LIME"
M006573,"Hello Baby Shop"
M006588,"MITO Mobile"
M006594,"Dill Gourmet Cafe"
M006615,akimurah.com
M006624,"PT. DEMIFA"
M006630,Palmerhaus.com
M006648,"Lumik Baby Shop"
M006651,indoglobal
M006657,"Natura Fresh"
M006666,blibli.com
M006678,Tiketux
M006687,www.perangkatcerdas.com
M006708,www.ezytravel.co.id
M006738,"LFC Indonesia Store"
M006741,SIRCLO
M006795,"Yayasan Kita Bisa"
M006798,cottoninkstudio
M006810,Lensza.co.id
M006813,"e-money isi ulang off-us"
M006816,babylonish
M006819,"Gotong Royong Fund"
M006828,"Pulcher Bags"
M006834,Tridii
M006843,Pesan-Aja
M006846,BarangUnik.co
M006855,"Monday To Friday"
M006858,classywithpearl
M006864,ULookGood.net
M006870,"Turtle Beach Hotel"
M006873,"Super Shopping"
M006879,"PT. Mahasarana Sukses"
M006882,IDNFinancials
M006891,MASKOOLIN
M006900,Kleora
M006903,Vela-Universo
M006906,Blackspex.id
M006912,SquLine
M006918,KadoUnik
M006921,"Jagoan Web"
M006924,"Jagoan Hosting"
M006927,"PT Bilna"
M006936,"PT Grahatour Indonesia"
M006942,"Pony and Pink"
M006957,"IndoGolf Travel"
M006960,"m-saku utility"
M006966,Tripvisto
M006969,pekku.com
M006972,"Garuda Indonesia COS"
M006978,"Capital Bakery"
M006981,"PT UITOX INDONESIA RAYA"
M007011,"Dukungan Karya Nusantara"
M007016,"Putra Bahari"
M007022,"TRAC Astra Rent Car"
M007025,Gudanghid.com
M007028,Paraplou-Vela
M007031,"Farish Shoes - Vela"
M007037,Shopdeca.com
M007040,Sportdeca.com
M007043,DealHarga
M007049,"PT Nareswari Danabrata"
M007052,PlazaKota.com
M007055,Leadershop
M007058,Airpaz
M007061,Spicegift
M007070,"Le Bijou"
M007073,Steelytoe
M007076,Conclave
M007082,Puricom
M007085,BRODO
M007088,"PAC FABU HOTELS"
M007094,"The Runway Market"
M007100,Footurama
M007103,Travels101
M007115,Telunjuk.com
M007133,SvinGolf
M007136,TipSAKTI.com
M007142,iblogmarket
M007145,"Channel B"
M007151,"Raja Speaker"
M007157,ETCLO
M007163,G2000-Vela
M007166,JOBB-Vela
M007169,"PT. MAP Active"
M007181,"PT Multipro Jaya Prima"
M007184,ulinulin-azanahotels
M007187,"Tirta Hotel"
M007190,"villa jerami"
M007196,"spa jerami"
M007199,"ulinulin yuyun patisserie"
M007205,"Expat Ally"
M007208,ulinulin-hobiku
M007211,"danica shop"
M007214,"ulinulin tone shop"
M007217,HijUp
M007220,"The Peak Connoisseurs"
M007226,"PT Luxola"
M007241,KUZTOMIT
M007247,Belisnack
M007250,Thebeautylooks
M007259,GOODNIGHT
M007268,"Dilmah Indonesia"
M007557,IniBayiku.com
M007271,"sri sri yoga"
M007280,"Cakra Elang Omega"
M007283,ADAMIST
M007292,"SJNK Indonesia"
M007296,YellowTiket
M007299,"Wakawaka Sports"
M007302,"DUTA ILMU"
M007308,Stockbit
M007317,"Toko amartacom"
M007323,RajaMobil.com
M007326,"PT. Potabox Indonesia"
M007332,"Twigs & Twine"
M007356,"Zahir Accounting"
M007368,bateeqshop
M007386,Mamaway
M007392,Tororo
M007395,cleobabys.com
M007404,"Qeon Interactive"
M007425,"TSSUITES BALI"
M007437,produk-indonesia.com
M007452,Travelio
M007464,"PT. Samara Dana Properti"
M007467,"Campina Ice Cream"
M007488,Favortopia
M007491,"CelebrAsian Media"
M007494,"One & Only Bali Weddings"
M007515,ulinulin-traffica
M007524,"TokoBuku by SCOOP"
M007548,affordable.biz.id
M007551,RajaPremi
M007560,TeknoUp
M007578,ulinulin-kiss
M007593,www.tv-voucher.com
M007602,"Seamarket Seamolec"
M007608,JYSK
M007617,"UFO Elektronika"
M007623,"Ulin - Harrisbutik"
M007626,"Ulin - Greendrops"
M007629,"baliVIP Wedding"
M007635,"Moxy Indonesia"
M007644,"PT Myglobaltrip"
M007650,BrendKaos.Com
M007653,RADNET
M007659,"Made In heaven Kids"
M007674,"Character Land"
M007677,butik-fashionDotCom
M007680,MNCSHOP
M007683,"PT. Spavista"
M007686,Mesinlaundry
M007689,"Bass Audio"
M007692,"Trinity Mobile"
M007698,kukeren
M007701,"Mandiri Testing"
M007707,"theBalm Indonesia"
M007710,livaza.com
M007716,"atlantic cell"
M007728,"PT SCI"
M007731,GAMEZONE
M007734,"KCBJ Tours"
M007746,pockethp.com
M007752,"Flower Studio"
M007761,Sepulsa
M007764,"RA Leather"
M007773,"Cody's App Academy"
M007800,"TOKO BUKU BANG EDI"
M007803,tokosepatumania
M007815,"Biznet Home"
M007818,"Ticketbase Indonesia"
M007827,"Subur Printing"
M007836,MisterAladin
M007839,ORORI
M007842,KLIKPREMI
M007857,"Teman 2015 Conference"
M007863,"PT. Karang Biru"
M007872,"Acommerce Solusi Lestari"
M007875,Andjanina
M007878,"Sandbox Shoes"
M007881,Sociolla
M007884,"Alor Divers"
M007887,"Jepun Bungalows"
M007896,L'OCCITANE
M007902,"KIRI Smart Ticketing"
M007906,wearinasia
M007918,MatahariMall.com
M007924,SimplySimpler
M007933,"Vela-Jack Nicklaus"
M007936,Vela-Bonds
M007939,Cottonink
M007942,"Moopon Indonesia"
M007945,ST-Toms.co
M007984,"PT Semesta Mitra Sejati"
M007987,"Pharma Pro International"
M007990,KUKI
M007993,"Kakoa Chocolate"
M007999,"runID Race Management"
M008011,"Variasi MX"
M008017,ikatterikat
M008023,Tosyen
M008026,CHEVIA
M008032,Gaudi
M008038,"Trikomsel Internet Media"
M008041,Erafonedotcom
M008044,www.ilove-im.com
M008050,Travorama
M008068,DwidayaTour
M008083,xinfushop
M008086,"Wellborn Company"
M008092,five13
M008104,"jakarta camera"
M008107,LIVI
M008110,Dotlime
M008116,"PT. MULTI RETAILINDO"
M008125,Dinomarket
M008143,"RE Online Indonesia"
M008146,"Morning Whistle"
M008173,Sonayna
M008176,DEPRINTZ
M008179,"Clea Flower Boutique"
M008185,"Sugar Galerie"
M008188,"Partner Iklan"
M008230,otoVista
M008242,etalaseindonesia.co.id
M008263,Leux
M008269,PlazaKamera.com
M008272,"jakarta musik"
M008278,INDOCASIO
M008281,Gogonesia
M008293,Huawei
M008299,AYOAYO
M028312,"ESQ Store"
M028336,kristalbohemia.com
M028345,"PT Iwan Tirta "
M028390,"PT. Lumonata"
M028396,Doktermana.com
M028399,"TT Mask"
M028415,"Belanja Online Indonesia"
M028429,"Osh Collection"
M028431,Travacello
M028447,"Nathalia Institute"
M028450,2madison.com
M028501,"Wallacea Dive Cruise"
M028507,ARUSLIAR
M028510,"PT. Explora Printama"
M028513,idEA
M028534,Belanjaalkes.com
M028546,Olenka
M044509,"Regarde Indonesia"
M044521,Mbabranded
M044524,"Hotel Pules"
M044527,"Muslim Galeri"
M044506,"By The Sea"
M044515,SISSAE
M028387,kamarmandiku.com
M044559,mrc.co.id
M044571,"Bali True Living "
M044568,"Love Bonito"
M044574,Rukamen
M044592,blitzmegaplex
M044610,"Bali Beach Run"
M044541,Andretelli
M028549,Dealmedan
M028444,charlin.club
M007893,"MISLA Network"
M044518,"Syndicate Street Wear"
M028438,Zovanova
M044628,"Webmantap Store"
M028423,oktagon
M044550,"Gama Multi Usaha Mandiri"
M044631,"PT DAEJI Vinyl Indonesia"
M007779,"PAC HOTEL DINAR"
M044616,"PAC CIHAMPELAS 1"
M044619,"PAC CIHAMPELAS 2"
M044622,"PAC CIHAMPELAS 3"
M008221,"PAC GUMILANG REGENCY"
M007193,"warung jerami"
M044580,"PAC AMELLIA HOTEL"
M007812,"PAC LOTUS HOTEL BANDUNG"
M044583,"PAC GUNTUR HOTEL"
M044589,"PAC WAVEPOINT"
M044595,"PAC WEBSTORE MEZORA"
M044625,"PAC SHAFIRA ENCYCLO"
M044604,"PAC THE EIGHT HOTEL"
M044634,"Gino Mariani"
M044497,MyVPlus
M044640,Bdigital
M044637,Eliteprep
M044646,"Gratyo Indonesia"
M044649,"Raja Kamar"
M044658,"Corporate Room Deal"
M044661,"PT Tiga Elora Nusantara"
M044535,"Sanubari Batik"
M007512,"MIR Online"
M044530,LGS
M044547,"Friends Studio"
M044685,"Belanja Online"
M044673,MIMO
M044679,Lafyt.com
M044700,"Elmore Kids Label"
M044709,"Headfonia Store"
M008194,HungryDash
M044613,Sportkita.com
M044688,TRAVELONLINE
M044703,"Zest Hotel Bogor"
M044553,"Biznet Gio Nusantara"
M044664,Uteesme
M028486,CANTIK.COM
M044712,"Sekar Menuh"
M044721,INSPIRED27
M044538,"PT INTIMEDIKA"
M044727,ERIGO
M008140,"Gandeng Tangan"
M044706,"Berry Outlet"
M044739,"Bali Activities"
M044751,"The Moon Spa"
M044736,Lombook.com
M044724,JALANJA
M044754,"sixteen denim scale"
M044748,"Kimmie Looks"
M044760,"Postre Cakery"
M044757,"The DND EXE"
M044763,BLXS
M044769,"Kamalika Artprints"
M044730,"Bali Local Travel"
M044766,Klikhotel
M044715,"PT. Gunawan Elektrindo"
M044790,GRAZERA.COM
M008257,Minimili
M044787,scoutingunit
M044805,Pursenalization
M044802,"subur furniture"
M044799,"Grand Jimbaran Hotel"
M044808,"TRIO ID"
M044793,"PT Printerous Global"
M044781,Asialuxe
M044697,"Panorama Tours"
M044823,"Parsel Day"
M044820,"Visi Christian Store"
M044838,"TS SUITES Leisure"
M044670,KUCARI
M044817,"PT. Toya Roda Utama"
M044859,YesBoss
M044856,Theairplanesystm
M007509,"PT Jawdat Indonesia"
M044691,mdsb
M044778,Labsatu
M044652,commando
M044853,"Prima Jaya Seluler"
M044871,"the story of"
M044865,"online store singer"
M044874,"PT. PALIDEA INDONESIA"
M044877,"PDB Cosmetics"
M044883,"The baby castle"
M044889,Chocochips
M044880,regnowonline.com
M044850,"Asia Internasional Mitra"
M044904,"First Packaging Asia"
M044811,"Jeunev Vie"
M044919,"STORE GWK BALI"
M044916,iPelanggan
M044868,"Wahana Travel"
M044910,"K-Link Nusantara"
M044931,Jualo
M044934,"PT Sinar Rezeki Handal"
M044913,BEDFOREST
M044862,Snappix
M044847,"ACCORDIA PAC"
M044925,"ELCAVANA PAC"
M044928,"ALQUEBY PAC"
M008170,"Brooks Running Indonesia"
M044943,"Travelink Indonesia"
M028375,idmarco
M044949,Tomoya
A100000000000001005137,"Graphikal Design"
M044964,"Private Scent"
M044961,"PT MITRA BUSANA SENTOSA"
M044988,"PT. PANIN DAI - ICHI LIFE"
M044973,ATN-SPORT
M044997,IXVI
M044991,Bukuunik
M044970,Wakatobi
M045003,Fairden
M044565,SukaOutdoor
M045009,"GEODESI 65TAHUN-IPG"
M045012,"Giorgio Agnelli"
M044946,Eciputra
M045018,"PT JUARA Beauty Indonesia"
M045027,"Jarvis Store"
M045024,"Coral (PT Koneksi Integrasi)"
M045030,"PROGO PAC"
M045033,"KEMBANG PAC"
M045036,"GRAHA CIUMBULEUIT PAC"
M045048,"Indonesia Finance Today"
M045042,Jeruknipis
M045060,"Atelier de Liberte"
M045039,"Deals - Mister Aladin"
M045072,Pingshop.id
M045066,"lifestyle ubsgold.com"
M044994,"Liliput Store"
M045051,DriveBali
M008077,"Royale Collier"
M045006,"Elim Persada"
M045084,"Daruga Perkasa"
M045000,"PILATUS PAC"
M006786,"Party Gaga"
M028402,MORUKA
M044898,"PT. Core Media Indonesia"
M045093,Campaign.com
M044895,"botanical private villas"
M044967,"Royal Asia Hotel"
M045090,"Label Eight"
M045108,"PT. Jurnal Consulting"
M045117,"MAESTRO BALI"
M045123,"Kalapa Villa Resort"
M045087,ManaKreasiMu
M045129,Kliknklik
M045120,"Kawung Living"
M045114,"DE REIZ VILLA PAC"
M045126,"Dokter Post"
M044901,"Fonebox Fashion"
M045138,"Naked Press"
M045135,MATROISHKA
M045147,"Boulter Helmet"
M045156,aphhomedecor
M045153,"Durio Indigo"
M045162,"Acinti Prima"
M045150,"Plaza Hidayah"
M045195,Tatagraha
M045186,"DULANG PAC"
M045192,"SERENA PAC"
M045165,Storm
M045201,unique-bike.com
M045174,"Bee Accounting"
M045198,"Kita Peduli"
M045144,"hatma fashion"
M045159,"Goinsta Interactive Ind"
M045207,Asuransi88
M045228,"Franc Nobel"
M044907,"EIGERINDO STORE"
M045219,Bornevia
M045210,AXIQoe
M044676,Glamizka
M045237,ShelookRED
M045177,"Carl's Shop"
M045240,DesignDonesia
M045246,"PT. Sribu Digital Kreatif"
M045249,VOYEJ
M045258,"newBORN BabyShop"
M045252,"JD payment"
M045243,"Pura Vida"
M045267,"SUPER SPRING GPS"
M028483,"mandiri e-cash"
M045264,"Celebes Computer"
M045213,Mazuki
M045075,"Halo Robotics"
M045276,"Anandamaya Fest"
M045279,"Pop by Paraplou"
M045282,dsvnshop
M045285,"JD payment"
M045288,Zataru
M044886,zendigitalsolution
M045261,shopatvelvet
M045255,Bosbis
M045273,KREATE
M045225,"Elazaro Media"
M045291,"Friso (PT. Acommerce Solusi Lestari)"
M045297,Ansyori
M045300,Nego123
M045306,"Healthy Indonesia"
M045312,Bukalapak.com
M045318,"PAC CASSADUA"
M045320,Seekmi
M045322,etobee
M045324,Qeepo
M045326,Qlapa
M045222,travelicious
M045330,RoomToday
M045332,"PAC CASSADUA HOTEL"
M045336,"Hut Expert"
M045183,"NAMIN PAC"
M045180,"FAMILY PAC"
M045132,"Dicoding Indonesia"
M045338,ESGOTADO
M044562,Featours
M045342,"PAC RH BANJARBARU"
M045309,"Luna Habit"
M045348,BFIT
M045345,"PT Yukbisnis Indonesia"
M045357,"My Ultimate Clone"
M045360,"Be Proud of Indonesia"
M045363,"CV. Inti Sumatera Global"
M045366,"Saver Online"
M045372,"House of Smith"
M045375,Oshop
M045378,Bebenito
M045381,"PT. Klickers"
M045384,WISHBOYKE.COM
M045387,"Astalift Indonesia"
M006621,"Indonesia Stock Shot"
M045393,"Gorry Gourmet"
M045396,sandalfactorybali
M045399,Trashsure
M045402,"ISPACS 2015"
M045405,"DUNIA TIKET GLOBAL SOLUSINDO"
M045411,"PT. PERSADA DUTA BELITON"
M045417,Bookmyshow
M045420,Ilicraft.com
M045426,1001malam
M045429,"Simply Fit"
M045432,"Ethnicraft Indonesia"
M045435,"Brain Onlinestore"
M045438,"Widya Kitchen"
M045441,"Fisheries Eco Villa"
M045444,Belsbee
M045447,Perdanababys
M045450,"Imbuh Villa Karangasem Bali"
M045453,"RJBooks Dev"
M045456,"PARADISO TOUR"
M045459,"Eaton Bakery & Restaurant"
M045462,"PT. Berlian Madani Wisata"
M045465,"RST Commerce"
M045468,"Another Store"
M045474,"uma di taman"
M045423,"WMN Woman"
M045477,Callista
M045480,"Australia Local Supply"
M045489,"Barberbros Jakarta"
M045492,"Junkiee Shoes"
M045486,"Little Hannah Shop"
M045495,"PROKLAMASI "
M045498,"Kumpul Coworking Space"
M045501,"Advance -Estore"
M045504,WeCare.ID
M045507,"PAC LOTUS SUBANG"
M045057,"Eclipse 7 Shoes"
M045510,"Jogja Tour"
M045513,"Warm Heart Organics"
M045528,"Liga Arloji"
M045537,"URBAN FOLKS"
M045534,"POLKA BEAUTY"
M045522,sheo
M045531,Interact
M008098,"PesonaEdu Store"
M045540,FLASHY
M045543,hellosora
M045546,BOITE
M045549,tohoplaza.co.id
M045552,CBTP
M045555,Tempro
M045558,Aanandha
M045561,iMart89
M045570,"Toko Alat Pancing"
M045573,"all Prim up"
M045576,"PT Easy Touch Group"
M045579,Diaspot.com
A100000000000001000460,mfajar
M000870,"Kicau Kecil"
M001512,"Zippo Indonesia"
M001628,Berrykitchen.com
M001711,Kumbaya
M002106,Resthy.com
M003264,"Saptatours 24 Hours"
M003313,BagusBun.com
M003409,"nayoo football"
M003764,"Alron Hotel"
M004118,"The Bath Box"
M004123,"tester tester"
M004233,"Moviebay MNC Group"
M004275,"watch studio"
M004441,"MNC SkyVision"
M004470,"CALLA Atelier"
M004478,"Amelia Devina"
M004521,Sepetak
M004599,Menica
M004600,20FIT
M004610,AUTOMOTIVESPARTSSHOP
M004640,"Happy Kado"
M004700,TWL
M004829,FORSEAA
M004916,vasttrack
M004927,"Jeger Taksi"
M020060,HostingBagus
M020131,"Svperbia Store"
M020157,"Jual Mesin Cutting Sticker"
M020165,Goers
M020195,"PT. Bhinneka Sangkuriang Transport"
M020204,ONStore
M020254,"Dive Damai"
M020390,"Andre Valentino"
M020428,OWLLAA.COM
M020461,"Helping Bee"
M020501,"PT Hira Rajawali Infomedia"
M020509,"Villa Bugis"
M020520,Tiketpesawatnya
M020543,"PT Nuansa Ceria Pesona"
M020573,"Lummova Variasi"
M020588,"Pikiran Rakyat"
M020598,"PT Pomelo Busana Indonesia"
M020615,"Indorasa Kopi"
M020716,"Smart Ride"
M020740,Maimai
M020769,Liesl
M020771,"Eddie Lau Method Product"
M020801,Kedirimart
M020810,heritageid
M020849,"Aceh PO"
M020892,"Bixbox Development"
M020898,"PT. Artha Garwa Etcetera"
M020900,OLX
M020933,ladylucetta
M021062,sabbatha
M021064,"PT Naya Indo Nusa"
M021072,kosmetikamu
M021134,"Go Optic"
M021157,"GORJES Indonesia"
M021181,"Brand Outlet"
M021207,"Desain Grafis Indonesia"
M021249,"HEYBORD ID"
M024465,Odioli
M024473,"Aki No Sora"
M024516,"PAC COTTAGE DAARUL JANNAH"
M027325,"KARUNIA TRAVEL"
M027327,garry-larry.com
M045600,combat.co.id
M045603,"Claud n Hends"
M045639,"Fashion Folks "
M045642,"Kuppu Batik & Tenun"
M045768,"Tiara Food"
M045807,"Zest Hotel Airport Jakarta"
M045846,kim.
M028327,"ABC Tour Bali"
M021025,anggrek-liar.com
M045918,Kavaleri.com
M045927,Dealjava
M045945,AMPHAL
M021033,calypso.co.id
M045969,"Star Theater"
M045972,"Pink Swan"
M046041,Guurle
M046056,"Arjuna Elektronik"
M046113,"Digital Zone"
M046194,"Sweet Escape"
M046230,DealParfum.com
M046446,"Indonesia Food Advisor (Ayam Taliwang)"
M046473,ebook
M046485,"Harisha Optical"
M046518,"The Beauty House Indo"
M046533,"PT. Buccheri Indonesia"
M046614,thelazpiz
M046629,Lakoka
M046692,"Training Mask Indonesia"
M046698,Onlinecourse
M020744,BUSTIKET.COM
M046776,"Cipika Play"
M046791,"Zinc Trail Run"
A100000000000001005937,Ehotel
M046815,"Watch Collectors"
M046833,HepiHepi
M046848,"PT Gloria Usaha Mulia"
M046926,Rotaryanaonlinestore
M046986,"Lintas media telekomunikasi"
M047001,pyoe
M047097,"PAC TRAVELLO"
M047100,"PAC TEBU HOTEL"
M047229,"MSi Tour & travel"
M021257,"PT. Anggana Anggih Prima"
M047511,"PT Global Rooms Indonesia"
M047520,"Double Deer Music"
M047529,"PT.Carmel Anugerah Cemerlang"
M028504,BucketList
M044655,"DDMun (Veritrans)"
M024468,plazajam
M047580,OJASA
M047610,"CDH Jewelry"
M055323,"PT. Gading Murni"
M055329,Barantum
M055335,"PT. Invento Technology"
M055338,Unicity
M055368,UNKL347
M055377,"PT Mumu Nusantara Agung"
M055389,MAJUSHOP
M055443,"Zona WiFi"
M055506,"Alam Indah Hotel"
M055521,"Alam Shanti Hotel"
M055524,"Alam Jiwa Hotel"
M055527,"Kebun Indah Hotel"
M027338,"Amped Indonesia"
M055581,Glitterati
M055644,"PT. Asuransi Jiwa Generali Indonesia"
M055647,"Oto Market"
M055662,Kustomable
M055698,"Kingdom Of Meatball"
M055713,Awondaland
M055794,Digitalesia
M055803,"Phalam Batik and Souvenirs"
M055806,Lolibi
M055818,"Polyglot Shop"
M055872,"grand quality hotel jogja"
M001527,"Pt. Raja listrik indonesia"
M055926,"Dana Abadi UI"
M055992,Tangan.co
M056004,Goldenvictorymusic
M056079,"BJ Home"
M056091,"PT. Horizon Bandar Bahru"
M056094,Nurbaya
M024449,pastiasli.com
M056139,"PT. INTERAKTIF MEDIA KONSULTAN"
M056154,"Morning Whistle Reseller"
M056163,"PT. HIGO FITUR INDONESIA"
M056178,"PT. Hendratama Anugrah Cipta"
M056190,Bayitembem
M056244,thathagallery.com
M056259,Gravity
M056262,"Amanah Kurban"
M056289,Povilo
M056295,dotdtails
M021138,Bleachprojectinc
M056352,"Sphinx Motorsport "
M056400,"Gong Bali T&T"
M020661,"CV. Inti Sumatera Global"
M056592,Jekardah
M056637,"PAC CSIS Shop"
M056661,"Natural Look Gown"
M061032,Lideo
M061071,medicalogy.com
M061098,"DS Laboratories Indonesia"
M020947,Beautyhaulindo.com
M061227,"PAC BERLIAN HOTEL"
M061236,"PAC SUMMER HILLS BANDUNG"
M061269,GroupHub.Me
M061272,"PAC HILLS BATAM HOTEL"
M061290,"Kuma Cookies"
M061302,Kotakey.com
M061389,"Zest Hotel Jemursari Surabaya"
M061392,"Zest Hotel Bandung"
M061395,"Zest Hotel Harbour Bay Batam"
M061458,"Intex Indonesia"
M061461,Edustores
M061464,"PT. IndoInternet"
M061551,"Indonesian Society of Cataract And Refractive Surgery"
M061593,"Summerbird - Bed and Brasserie"
M061641,IndonesiaX
M061698,Duitku
M061746,"Maverick Avenue"
M061761,"PT. VITA SHOPINDO"
M061797,Shoponline.id
M061830,Suplemenku
M061839,Gurupedia
M061878,KASKUS
M007353,"Tunjungan Hotel Surabaya"
M061986,"PT. Insan Islami"
M061992,"Dyah Pitaloka Lingerie"
M062016,Praktisprint.com
M062049,Ayobermusik
M062097,"Biota Network"
M062112,wahanasuperstore
M062220,"PT Mitra Pinasthika Mustika Rent"
M062229,"PT. Sentralindo Trijaya Abadi"
M062274,eyelovin
M062316,Christinwu
M062360,"PT. RITTESA MAHKOTA KARYA"
M062400,"PT Laser Indonesia Multiteknik"
M062478,Faizsolusindo
M062574,"Yogya Online"
M062586,"Citra Nashwa Tour"
M062604,"GAKKEN HEALTH AND EDUCATION INDONESIA, PT"
M062632,"PAC GRAND CENTRAK PEKAN BARU"
M062640,"tigaraksa develope"
M062674,muzca
M062686,danasedia
M062690,BantuPendidikan
M062740,binca
M062756,"Mau Belajar Apa"
M062766,Travelawan
M062898,Semarto
M062906,"Severin Indonesia"
M062950,Demesbag
M063034,"Herbert & Brothers"
M063112,"Silver Swan"
M063128,"Crafter Park"
M063200,"Original Garment Co"
M063264,"Sox Galeri"
M063300,Light&Salt
M063324,Mufayra
M063336,"PT. Sekolah Cikal"
M063414,HaloDiana
M063480,Spotsewa
M063507,"AkibaNation Shop"
M046089,"Zest Hotel Yogyakarta"
M063525,"Eden by Sight"
M063531,"PAC ENDAH PARAHYANGAN"
M021203,HappyBeauty
M063543,"OPENTROLLEY BOOKSTORE"
M063555,"PT. Rittesa Mahkota Karya"
M063708,"Electronic Solution"
M063711,"PT PESONA NUSA TENGGARA"
M063783,"Razor Curler"
M063789,Sukawu
M063837,Primagraphia
M063861,Holigoli
M063876,Bootcampdahsyat
M063882,"Angelina Boutique"
M063885,"PT Mallinternet Indonesia Jaya"
M063888,"Dwijaya House"
M063918,Kecipir
M063999,Marushop
M064035,"Yayasan Anak Bangsa Berakhlak Mulia"
M064113,"Kpop United"
M064158,"Kingdom Meatball - Bakso Kaget"
M064182,"LP Homes Marketplace"
M064251,"BOX LIVING"
M064260,ocydia
M007305,"Sinergi Foundation"
M064272,gustofita
M064332,Kavod-Bags
M064383,VenueKita.com
M064524,XWORK
M064575,Prumu.com
M020935,CRESCENT
M064596,Dextra
M064614,myedisi
M064629,"SJO & SIMPAPLY"
M064668,"PT Pasar Dana Teknologi"
M064803,"Yayasan Dunia Kasih Harapan"
M064893,Servispedia
M064944,Seekplan
M064956,KOSMIK
M064965,AkuntansiOnline.id
M064968,"Booking Okey"
M028357,"BALQUISSE Heritage Hotel"
M065085,BeadsCraft
M065139,Taptopick
M065145,DeliBrunch
M065238,Kooleven
M065250,Prissilia
M065361,"Glam Deli"
M065382,Fragmentor
M065400,Bikershop
M065478,Papiola
M065484,"Alame Juicery"
M065529,"Blocco Cabinetry"
M065586,"PT Vakansi Mandala Nusantara"
M065661,"BLF Woman"
M065667,"Kebun Botani"
M065670,"The Watch Co"
M065739,"PAC SCARLET KEBON KAWUNG"
M065742,"PAC SCARLET BUKIT PAKAR"
M065745,"PAC SCARLET DAGO"
M065748,"Whiz Hotel Yogyakarta"
M065751,"Whiz Hotel Semarang"
M065754,"Whiz Hotel Cikini"
M065757,"Whiz Prime Kelapa Gading"
M065784,"Klinik Gigi Dentes"
M065889,jacmarket.co.id
M065892,"Grand Whiz Kelapa Gading"
M065946,Krebsmethod
M008209,Frozenshop.com
M065952,"Garasi Lokal"
M065994,chlorine
M021083,"Common Grounds"
M066171,Gamingxo
M072777,"PT. Kemuliaan Abadi Indonesia"
M072804,"Bang Kredit Online"
M072837,Sloe-Petitbebe
M072858,"BRIDGE COFFEE"
M072948,BALIN
M072951,"JD Kids"
M072978,"Indonesia Canada Chamber of Commerce"
M072999,"Yayasan Alumni TK ITB"
M073044,"Pico Flower"
M073062,"Zaha Indonesia"
M073065,BonasBox
M073344,"PAC HOTEL LODAYA"
M073347,"PAC HOTEL SEBELAS"
M073362,"PAC WAVE WAHANA"
M073377,"Catherine Wong"
M073386,pottsjakarta.com
M024505,Autobridal
M073410,"EMK Beverly Hills Indonesia"
M073440,Originalbrands.id
M073545,Alphonso
M073599,"Jose Eber"
M073614,"Swift Inn Aeropolis"
M073677,"Whiz Prime Hotel Cifest Cikarang"
M073707,"Whiz Prime Pajajaran Bogor"
M073710,"Whiz Prime Darmo Harapan"
M073776,"Grand Whiz Hotel Nusa Dua"
M073818,"CloudWeb ID"
M073821,"Bazis DKI"
M073884,Inamart
M073899,"Volt and Fast"
M073905,Belitung.NET
M073911,"Whiz Prime Balikpapan"
M074040,"WISATA ALAM INDONESIA TOUR SERVICES"
M074064,"The Luxury Bali"
M074073,"PT. Integra Solusi Dinamika"
M074091,Point2000
M074097,"Perfect Beauty"
M074124,Citilink
M074133,"Solusi Sehat"
M074142,"PT. Reflect Nusantara Indonesia"
M074193,"Whiz Prime Megamas Manado"
M074277,"PAC TAMA BOUTIQUE HOTEL"
M024522,"ELITE MMA SHOP"
M074367,"Ask cellular"
M074424,"Tantraz Comics Bali"
M074463,Jade
M074469,"Tigaroet Online Store"
M074529,"Demoda Asia"
M074532,"D'Grande Hotel"
M074535,"PAC INDONET"
M074538,PlayonPOP
M074541,"Grand Trawas Hotel Mojokerto"
M074568,OuzenMart
M074574,"PT. Amartha Mikrofintek"
M074628,"Abu Tiket"
M074643,"PICBIT Photobook"
M074658,simsalabim.co.id
M074784,"Nata Solusindo"
M074856,"Rafif and Endah Kine"
M074880,"NAM Watch"
M074952,"Erafone DOTCOM"
M074982,"BEE Holiday"
M075000,Furnicer
M075078,"Kharisma World"
M075084,Spacehype
M075099,"Bagi Kasih"
M075132,coupleshop
M075150,"CV. SEKAWAN"
M075204,KeSupermarket
M075231,PowerCube
M075264,"PT. TI - JOBB"
M075273,"PT. TI - JN"
M075276,"PT. TI - G2000"
M075288,FoodGasm
M075294,"RUPES Indonesia"
M075315,"PT. Travelindo Pancamakmur Abadi"
M075318,TravelEvo
M075333,Behijab
M075348,"Matoa Indonesia"
M075378,Indigoclusters
M075381,"Printer Solution"
M075390,setipe
M075405,"CAHAYA NUSANTARA"
M075462,Perkantas
M075483,"kaosAR - Augmented Reality T SHIRT"
M075504,"MAE INDONESIA"
M075579,Decodeko
M075600,Arbor&Troy
M075615,BitX
M075639,Suji
M075654,"The Premium Confections"
M075774,Guteninc
M075819,"PT. Ikoma Indonesia"
M075831,"Move On Formula"
M075852,"Baru dan Baru"
M075951,"Joan Corner"
M076002,"Zuna Sport"
M076026,Rangkaian
M076035,"PT Data Citra Mandiri"
M076041,detoxfull
M076047,Ftale
M076068,Busnez.com
M076071,Kid.Gallery
M076101,Pembantu.com
M076233,"Vertical Property"
M076263,"Kintakun Collections"
M076368,"quincy label"
M076371,RoyalTravelo
M076401,"Galeri Musik Indonesia.com"
M076461,Geeknesia
M076491,"PAC PURIASIH BALI HOTEL"
M076500,Edberth
M076527,"PAC LINGGA HOTEL"
M076530,Muslimarket
M076557,"Roepi Store"
M076578,"BookMyFit Web"
M076590,AiryRooms
M076596,"Tur EZ"
M076614,"ATS THE LABEL"
M076626,"Cinta Amal"
M076704,"Handoko Group"
M076713,saleparfum
M076833,WODRO
M076869,vamosladies
M077148,Ozoora[dot]com
M077328,nagarey
M077340,"Sare Studio"
M077346,Babymax
M077376,p2g.io
M024521,Karsamudika
M077423,FITFOS
M077429,Finhop
M077489,"CV Duta Jaya Sejahtera"
M077555,MBastian
M077570,"PAC MITRA HOTEL"
M077573,Sijitix
M077585,"PAC CIPAKU HOTEL"
M077597,coachyusman.com
M077660,"Hostel Bogor"
M077672,"PT. Sriwijaya Air"
M077756,"Genesis Camera"
M021119,JKLOOP
M077816,"Omah Feast"
M077954,"Bali Aero Travel"
M077963,nasitoel.com
M077972,Futuready
M077993,rallies
M044829,"Jakarta fruit"
M078026,"Villa Blubambu"
M078068,"Posh The Label"
M078074,Jiggie
M078104,"Lead Concept"
M078116,FILLGA
M078128,"Too Goods Company"
M078197,www.essensummer.com
M078251,Yotura
M078260,"Sompo Insurance Indonesia"
M078272,"Vier Jewellery"
M078326,ChariFree
M078341,"Ofel Cosmetics"
M078386,"PT. Indo Mega Byte"
M078419,Goodies
M078596,9skin.net
M078614,"Sensatia Botanicals"
M078647,"Sarminto Shop"
M078662,Babekas
M078671,"Multi Business Centre"
M078761,"HKB Fashion"
M078800,"Our Daily Dose"
M078824,"Warning Clothing"
M078851,Rockzstore
M078923,Chanira
M079001,tododo
M079022,"Ponny Beaute"
M079046,IDsaller.com
M079064,googaga.co.id
M079070,TokoFly.com
M079130,"Bridesmaid & Co"
M079202,"OneStandard Group Pte Ltd"
M079208,PILYH
M079235,mulmut.com
M079256,"Bandung Dentistry"
M079259,haffytech
M079289,"Grand Diara Hotel"
M079307,"Walrus Indonesia"
M079331,doki.co.id
M079343,"Peggy Hartanto"
M079361,TokoLoyalKU
M079451,"PAC SAMPIREUN HOTEL"
M079475,"Lino Diamond"
M079496,"Hawkeye Fightwear"
M079514,Pikmiap
M079550,"Summer Petals"
M079619,MAHATIESTRAVEL
M079622,Pictopaper
M079643,CipikaBookmate
M079667,"Sumber Rejeki Motor"
M079676,Klassique
M079694,"BALKA Living"
M079697,"Miles Your Day"
M079709,"PT. TALENTA DISTRIBUSI KIMIA KONSTRUKSI"
M079721,DNArtworks
M079748,"TRAVELIA  WISATA"
M079781,ROOMOOMO
M079814,Pesanbus.com
M079823,Memome
M079838,"Rollover Reaction"
M079901,"Association of Asia Pacific Advertising Media"
M079931,RupaRupa.com
M079946,"Temple Project"
M079967,"PT. Stark Retil Indonesia"
M079988,"wish your watch"
M080030,"Excellent Seven Boutique Hotel"
M080060,Beauphoria
M080078,"Avec Moi"
M080174,"Majalah KUARK"
M080186,"PAC GOOD TRIPS"
M080189,"PAC REGALI VILLA"
M080198,"Ecopan Cookware"
M080201,"ILUNI FHUI"
M080231,"PT Orientraco Perkasa"
M080237,"Purple Analytics"
M080240,"Life Changing Motivatiions"
M080297,Drishop
M080375,Bahaso.com
M080450,"Less And Days"
M080486,Yellowdoor
M080489,Apsmm2016
M080498,"Shesan Travel"
M080606,Limbrodenim
M080609,"Sale Stock"
M080621,"Babes of Batik"
M080639,irfan
M080663,Brembrem.com
M080714,Aladin
M080717,Aladin
M080759,Listeno
M080783,Nabo
M080933,"Klik Newton"
M080966,"Yayasan Orbit HAH"
M080996,"Shop Belsbee"
M081050,"PAX Roadside Assistance"
M081089,"enviromate technology international"
M081122,"The Batu Villas Hotel"
M081179,"Felix Verguso"
M081239,N.y.L.a
M081242,"PT Mitra Cipta Gemilang"
M081290,BelitungIsland.COM
M081350,Duedate
M081368,"2nd International Conference IPAFEM 2016"
M081410,Lolitatoo
M081431,ELKASSA
M081500,ROUNN
M081533,"Cotton Philosophy"
M081674,"Bebeautyindo Store"
M081740,LaCel
M081752,"Colette & Lola"
M081830,"Revolt Industry"
M081833,"PAPILLON MEDIA KREASI"
M081875,Tronika
M081878,"Bluebird Group"
M081884,"Healthy Bento"
M081920,"RajaAmpat Doberai"
M081926,"TRADE 12"
M081929,"Istana Accessories"
M081935,Hobelo
M081947,Sociovit
M081953,"Raquel Lingerie"
M082148,"Surya Kitchenware"
M082151,"Whiz Prime Hotel Hasanuddin Makassar"
M082187,"M plus Y"
M082211,"BUMI Baking Center"
M082280,"PT. Bumi Nusa Indah Kaya"
M082313,"PARI DKI JAKARTA"
M082352,MOOISHE
M082364,"Canary Store"
M082436,"Rumah Hosting"
M082517,Maision
M082532,Aswar
M082601,MobilSiap
M082625,"Roemah Cinta Batik"
M082643,visit2indonesia.com
M082718,1001hardware
M082724,"PT. AXARVA MEDIA TEKNOLOGI"
M082742,"Silvrr Artha Indonesia"
M082790,"Cpx - Taro Rangers"
M082910,"Pacific Travel Palembang"
M082919,Mayonette
M006993,"Garuda Indonesia Website"
M082958,MyNurz
M083027,ZUTTION
M083069,Enportu
M083132,larisjayamotor
M083141,Grya
M083147,"Garuda Inflight Shop"
M083192,"Liburan Bali"
M083201,"Esperance Fashion"
M083357,"Betterfly tour & travel"
M083384,"PT FAMILIO JAYA GLOBAL"
M083474,"Kawan Berbagi"
M083495,pershoenalize
M083579,Broodis
M083582,Macstuff
M083612,KopiKetjil
M083732,Hangout.deals
M083741,"Patuna Umroh dan Haji"
M044952,"PT. Bit Coin Indonesia"
M045204,MyAzaria.com
M044844,"eKado ATM"
M083747,indonetmedia
M083789,Detailing-Store
M083801,"PT. Sriwijaya Air"
M083804,"Bali VIP Assistance"
M083810,"Samsung Mobile Plaza"
M083813,"Asus Mobile Plaza"
M083822,CardiacSave
M083825,"Gerakan Indonesia Diet Kantong Plastik"
M083831,"HEYBOY Kidswear"
M083837,Alpha
M083855,"Campa Tour Travel"
M045483,"Kudo Teknologi ID"
M045408,"Artea Indonesia"
M024452,"LaSalle College Indonesia"
M078881,JojonomicPro
M083885,"Tiket Pasti"
M083951,Kulina
M083993,Kivee
M084005,"PT AXA Life Indonesia"
M084023,"Rental Car Bali"
M084074,"Redcalmer Payment"
M084140,"Hario Indonesia"
M084266,Dekoruma.com
M084269,Yurator
M084356,Veylstore
M084368,Anbosch
M084371,"Tanjung Harapan Mulia"
M084437,"JM TOP OPTICAL"
M084452,Socky
M084494,"Leatique Decorative"
M084587,"Indonesia Data"
M084710,"Dane and Dine"
M084737,"DUST JEANS"
M084767,Clementine
M084773,Momotrip.co.id
M084782,Wonderbuy
M084791,Checkinn.id
M084806,TrendKU.com
M084827,www.blackmaster.co.id
M084896,Geela
M084908,www.Travelcare.co.id
M084932,"Jazz Gunung"
M084995,"COLD PRESS INDONESIA"
M085241,"PAC SUTAN RAJA"
M085334,Infokost
M085820,banyuwangi-mall.com
M085829,GOTIX
M085847,"PT Astronacci International"
M085862,Livipedia.com
M085868,Sold.id
M085955,Jagapati
M085967,Saiznya
M086006,Nihonmart
M086027,"Melodia Musik"
M086138,"VERNE INDONESIA"
M086165,"Tiga Dental"
M086180,Eztuning
M086183,GIOCOSO
M086192,Morningsol
M086267,"PT. Dunia Marine Internusa"
M086291,"Whiz Prime Ahmad Yani Lampung"
M086306,Cekngo
M086336,"caroll n co store"
M086348,petsocieties
M086360,hellolilo
M086393,MasakDong
M086507,Oromo
M086654,ASIALUXE
M086660,"Bastle Teknologi Grup"
M086669,JASA1
M086672,"Midtrans Athena"
M086927,"Hello Mici"
M086957,"Philips aCommerce"
M086960,"Toko New Tech"
M086966,JPCC.org
M086975,"Kiehls Acommerce"
M087029,Buruan.co.id
M087032,"Monsoon Academy"
M087038,"Terminal mainan"
M087089,Banananina
M087110,SELVISh'
M087167,"PT. OOH Kupu - Kupu Global"
M087170,CariStyle
M087209,oumarkareem
M087341,Jendelabook
M087353,lelangshop.com
M087416,KOMMA
M087503,"SS Digital Foto Print"
M087524,SukaRace
M087536,dewastore
M087557,"Desy Heriyati Widjaja"
M087647,"Bluebird Group"
M087665,yayasannurulhayat
M087704,"SVS DE BEAUTE"
M087722,"Lovely Borobudur Tours & Travel"
M087746,"Banyuwangi Mall"
M087758,"Sejauh Mata Memandang"
M087794,"Walldeco Indonesia"
M087806,HuntStreet
M087857,"Andhita Siswandi"
M087860,"AYONIKAH DOTCOM"
M087899,"AYANA Resort and Spa"
M088643,"PT Samudra Jaya YSM"
M088736,juniordept
M088892,makeupbeautyhouse
M088922,RALYKA
M088928,"White Collar Concept"
M089042,"order at mooi"
M089051,"Honda Cengkareng"
M089093,Makeupindo
M089324,"Lightmedia Inovasi Teknologi"
M089348,babybellabymyown
M089402,"The Profit"
M089417,Glamwow
M089423,"Ripta Food"
M089432,CONTEMPO
M089450,"Kiroyan Partners"
M089564,karmaindonesia
M089678,Otomontir
M006201,"VT Top Up"
M089753,OVO
M089837,"Esq Training"
M089969,"For Kids Collection"
M089981,warungponsel
M090014,"Toko Ranti"
M090029,"BromoKu Homestay"
M090041,"Klik Deli"
M090059,makeupbranded
M090080,"Kay Collection"
M090083,Zivaralia
M090116,"Headrest AUT"
M090125,"Merah Putih Restaurant"
M090131,"UNITED BIKE"
M090134,Tiketapasaja
M090137,ThumbsupSurf
M090143,Zevin
M090155,"CERISE SHOP "
M090164,"PT. Maxima Inti Cemerlang"
M090170,"Hermo Indonesia"
M090197,BLANJA.COM
M006996,"Garuda Indonesia Mobile Website"
M090236,"TORAJA MARATHON"
M090242,"SCM Store"
M090278,Kiostix
M090281,GOIFEX
M090284,"Parama Batik"
M090287,"mahaties travel"
M090293,"Ganbatte Inc"
M090296,Wowrack
M090299,"PT Duduk Manis"
M090347,"IZI "
M090353,Buku
M090356,"PAC ASOKA"
M090371,bukuyusufmansur.com
M090377,sejutabuku.com
M090380,ibukbagus.com
M090422,"PT. MAMA LUSI INDONESIA"
M090428,"JASA TIKET MURAH"
M090434,"Onbelabs International"
M090464,"Sygma Daya Insani"
M090482,nokencard
M090506,"Arumdalu Private Resorts"
M090512,pickytip
M090518,Cekindo
M090521,Cetaku
M090539,KONSAATO
M090587,"Griya Etnik"
M090605,"Sleman Mall"
M090611,"Sleman Mall"
M090644,Vouchercenter
M090653,"The Mandiri Beach Club 2"
M090668,Forworks
M090680,"C for Calligraphy"
M090683,"PAC TOPAS GALERIA"
M090686,"Ken Solusindo"
M090701,"Marketplace Otobursa"
M090704,Hachels.Com
M090743,"PT. MISUMI INDONESIA"
M090773,Bietekno.com
M090803,"RAJA TOURS & TRAVEL"
M090821,alacartour
M090830,"PAC AGAPE RESIDENCE"
M090836,"Build a Bike"
M090863,ICMEM-IPG
M090878,"PT WUZZ Motor Indonesia"
M090884,"Compro Indonesia"
M090905,Pijakbumi
M090911,"Miki House Indonesia"
M090920,"Electronic Solution"
M090932,"Smooch the Label"
M090935,"PT MAHA PADDA LESTARI"
M090953,"PT Nana Trend Lestari"
M090956,"Cipta Lampu"
M090965,"Toko Microfiber"
M090986,"YHPK Foundation"
M091004,trubasic
M091019,"Sexy Sleep"
M091037,"Gumas Batik"
M091043,"BLP Beauty"
M091070,"PT. Travelmato Karya Wisata"
M091073,Payrollbozz.com
M091085,"Temprina Online"
M091094,"PT PASIFIK KREASI INDONESIA"
M091103,"Allen Paulus Tech"
M091106,"PT. Ibu Budi Indonesia"
M091115,"angkasa computer"
M091142,"MNC Play Media"
M091166,Oketailor
M091217,Onel
M091220,"PT. Indo TC Trading"
M091238,Apairlstore
M045270,Reservasi.com
M091277,"Dura Villas Bali"
M091301,"3 Skinny Minnies"
M091319,Preem
M091355,"Arte del Legno"
M091358,"Laxmi Tailors"
M091379,Mendekor
M091394,"RE Consulting"
M091397,"gallery parfum"
M091409,"PT Zulu Retail Indonesia"
M091427,buibu.co
M091436,KATADATA
M091448,"The 10th Congress APIAP 2017"
M091457,klikMRO.com
M091484,"Grand Whiz Poins Square Jakarta"
M091487,"Donasi DheZign"
M091499,"Makasda Indonesia"
M091508,Prinzio
M091526,Amazara
M091529,"Chic Girl"
M091532,"inti kreasi mandiri"
M091556,"Condotti Watch"
M091598,"Karen and Chloe"
M091616,"AL HABIBAH BOUTIQUE"
M091628,Crystalline
M091655,"GAYA MOTOR BARU"
M091667,"Portee Goods"
M091676,LAZISMU
M091766,Sarrmanraa
M091769,"International Hotel Management School"
M091790,"Jayakarta Club"
M091796,Perpetualgifts
M091805,"PT Konsula Amarta Nusantara"
M091820,"Truth Store"
M091838,"PT Sari Icecream Indonesia"
M091875,klasio
M091878,jumaku
M091884,LEANSKILL.COM
M091917,Butiktrip
M091974,"Testing Veritrans"
M092004,Dronemarket.id
M092049,"Mao Mao"
M092064,"Qubic 360"
M092094,royalkarpet.com
M092106,"OneStandard Group Pte Ltd B2B"
M092148,Akshanine
M092157,Meitavis
M092217,"Citraweb Nusa Infomedia"
M092220,LoviDovi
M092232,"Pondok Indah Waterpark"
M092238,"Adhimix Precast Indonesia"
M092247,"ethica collection"
M092271,"CV. Mitra Jaya Komputindo"
M092280,SCESCM-2016
M092313,"eBatik Trusmi"
M092340,Jakartacctv
M092343,Mesinabsensi
M092358,"AmCham Indonesia"
M092376,Koperkita
M092388,"Toffin Online Shop"
M092394," ZAP"
M092409,Sentanu
M092430,Babyheart
M092433,gogobli
M092463,"Selina Indonesia"
M092490,Djepret
M092544,"Paper Invoicer"
M092601,"Industrial Livings"
M092640,Indocraft
M092652,P-SPMB
M092706,"Alea Hotel"
M092709,"DINOMARKET CR"
M092751,abutours.com
M092754,"PT Sumberdipta Asia"
M092769,"Sunset Limited"
M092838,"Sentra Detox"
M092850,ILOVPET.COM
M092856,Rautan
M092862,"Asuransi Mobil"
M092868,"Asuransi Motor"
M092874,Kimikado
M092889,Threnics
M092916,Madamee.com
M092931,"Ronita Digital Printing"
M092973,"PAC WIWI PERKASA"
M092979,"Meraki Goods"
M093009,"PAC PADJADJARAN SUITES"
M093033,MAENKAEN
M093042,"Rai House Sanur"
M093048,Ayu
M093066,"PAC PADJADJARAN SUITES RESORT"
M093069,"PAC CARYOTA HOTEL"
M093081,NurZahra
M093135,"Sanur Guest House"
M093147,"Asian Society Of Head And Neck Oncology"
M093171,"westward works"
M093195,Boleci
M093219,Sepulsa
M093231,"PT Bababaa Anak Nusantara"
M093309,"Rias Cosmetics"
M093345,Sasando.co.id
M093360,Gamespark
M093366,"pempek cek molek"
M093450,"Alvin Sanusi"
M093462,"Meme Comic Indonesia"
M093483,"PPM MUG"
M045045,"Pacific Paint"
M093561,"Sandilla "
M093567,"Indonesia Fashion Gallery"
M093576,"Mainful App"
M093585,OMIYAGO
M093600,"NBDN DENIM SUPPLY"
M093606,"Depeche Store"
M093615,"PT AUGUSTO MAHAKARYA ESA"
M093621,"Klontongjack Indonesia"
M020685,www.tiketpromo.web.id
M093699,"Number 1 Hobby"
M093735,Senimart
M093798,"Rent a Couture"
M093801,BeautyLink
M093807,"Cognitix Tiket Inovasi"
M093846,Noesa
M093879,ayukliburan.com
M093936,"Paulina Katarina "
M093954,idbrandconceptstore
M093969,WASSTW-Jaya
M093975,"BANDUNG PARTS"
M094017,"Bauble Bible"
M094020,Ipengen
M094023,"Toko Indorelawan"
M094032,LoketBagus
M094035,"Tortilla Apparel"
M094041,"Beasiswa 13404"
M094044,HaHaPro
M094068,Bazar.co.id
M094071,TokoDapur
M094146,ESQACosmetics
M094167,Aviata
A100000000000001005275,GadgetsVillage
M094188,"urban life store"
M094245,CMSplaza
M094269,helloforgetmenot
M094275,weightloss-in90days
M094299,Zayanaa
M094326,"JJ Royal Coffee"
M094332,"Garland Florist Jakarta"
M094335,"KELUARGA BATIK BETAWI ( KBB )"
M094353,Videolesmu
M044718,SPECS
M044742,PIERO
M094371,Fortifa
M094434,Zipnroll
M094461,"Chief Apps"
M094473,"ISO Control System"
M094500,MAMAGREEN
M094512,Kufed
M094599,"Yayasan INISIATIF"
M094620,WeCanBe
M094700,HIPENI
M094715,"PT. Cresindo Mitra Sejahtera"
M094727,"2littlechimps.com "
M094739,Ledonesia
M094748,buttonscarves
M094751,"Seven Bika Coffee"
M094793,"PT.Reed Panorama Exhibitions"
M094796,"PT Reed Panorama Exhibitions"
M094814,lthrkrft
M094844,"Cilacap Gallery"
M094847,"PT Kinetik Inti Solusi"
M094865,"DBL Store"
M094877,"PAC BOGOR ICON HOTEL"
M094886,"Cilacap Gallery"
M094907,"MNC Shop"
M094934,"PT. Audioworkshop"
M094943,OneTap
M094970,mycoupon
M094991,"CMNI Store"
M094994,Tutordoors
M095015,ojola.li
M095075,Batiksae
M095084,Prelo
M095105,"Mahaputra Hospitality "
M095123,Asuji
M095141,Dailyhatch
M095174,iflix
M095180,"Kalmar Land"
M095186,"My-Coconut "
M095213,"PT Sugawa Indonesia (Ionmat)"
M095231,"True Gasoline"
M095240,POLKADRESS
M095252,"Mega Fishing Shop"
M095264,PINK
M095318,"L Hotel Seminyak"
M095324,UKMPAY
M044745,MIZUNO
M095342,"PT Presenta Edukreasi Nusantara"
M095366,"DR Beauty Indonesia "
M095411,Ococosda2016
M095426,"PP Properti"
M095429,"Juragan Cash"
M095471,Musicoloid
M095483,"Tlab Geek Shop"
M095498,"Noor Hotel"
M095507,"icolor service"
M095528,"SUMBER ALAM RESORT GARUT"
M095534,"PAC V Hotel Residence"
M095540,"The Body Shop Indonesia"
M095570,klikprint.co.id
M095579,run2tri
M095666,"PT. Quiros Networks"
M095669,eBangun
M095711,sepatu
M095741,"Semua Sale"
M095792,"Zahir Online"
M095795,"Kriya Indonesia"
M095798,GoApotik
M095819,"warta ekonomi"
M095837,Primaindisoft.com
M095891,iGrow
M095903,"Zahir Accounting sertifikasi"
M095915,"Dermaster Clinic Indonesia"
M095927,"Tutkia Indonesia"
M095960,Adidas
M095963,"PT. Autorent Lancar Sejahtera"
M095966,LOONY
M095987,gilatrip.com
M096005,"NAW Shop"
M096029,Indischeland
M096041,JOGJAHOST.CO.ID
M096047,"Happy Go Lucky"
M096050,Heftygram
M096059,"Haji Umrah "
M096071,"Doremi Yamaha"
M096149,MyKaha
M096152,KlikTeknik
M096158,"Devain Kapoor"
M096206,oliobags
M096215,"Eclat & Garnet"
M096221,"Clever Dog Indonesia"
M096296,esmart
M096398,Painappuru
M096476,"KIMBEM ANDRIANTO JAYA GROUP"
M096506,Hostcases
M096563,"PT Karir Komunika Pratama"
M096587,"ISESD 2016"
M096653,Takes
M096656,Sk2ori
M096770,Ahok-Djarot
M096812,IndoVisual
M096971,"Franchise Waka Waka"
M096980,Ingenio
M097004,"Nieve Support"
M097037,"omni ecomm expo"
M097190,Harvestmon
M097205,zhopzhop
M097262,IFLIX
M097283,sitampan
M097364,"Mooimom Indonesia"
M097370,Ubergua
M097373,Ubergua_B2B
M097379,WideUP
M097400,"Sleekr Accounting"
M097424,GOBAN
M097427,"My Coconut"
M097433,"OOH KUPU - KUPU GLOBAL"
M097451,Wegodev
M006930,Moka
M097514,houseofcuff
M097556,"Meme Florist"
M097562,JAKPAT
M097625,Mobinvite
M097631,Kargoku
M097693,warungoutdoor.com
M097744,Goodlife
M097795,"PT Presenta Edukreasi Nusantara"
M097813,Kodegame
M097840,PikkiCoffee.com
M097846,"Donna Chang Id"
M097861,"Yayasan Memajukan Urologi Malang "
M097990,"Fortuna ACC"
M098011,"Homespa by alexandra"
M098038,Gevioshop
M098068,FitAccess.co.id
M098089,"Box Aladin"
M098090,Mrmerchandise.co.id
M098091,"warung mainan"
M098097,And2strap
M098098,"Golden Boutique Melawai"
M098100,"Lau's Kopi"
M098101,"1-18 Golf"
M098102,"Puteri Gunung Hotel"
M098103,"IPB Science Techno Park"
M098104,"IPB Science Techno Park 2"
M098105,"PT SERAMBI BOTANI INDONESIA"
M098106,"PT. SERAMBI BOTANI INDONESIA"
M098107,"MANULIFE DANA CAMPURAN II"
M098108,"MANULIFE SAHAM ANDALAN"
M098109,"MANULIFE SAHAM SMC PLUS"
M098110,"MANULIFE SYARIAH SEKTORAL AMANAH"
M098111,"MANULIFE DANA STABIL BERIMBANG"
M098112,"MANULIFE DANA TUMBUH BERIMBANG"
M098113,"MANULIFE OBLIGASI NEGARA INDONESIA II"
M098114,"MANULIFE OBLIGASI UNGGULAN"
M098123,DISTRIBUTOR-ALKES.COM
M098125,Krafeo
M098143,"cinnamon boutique syariah"
M098145,"Fabu Hotel"
M098156,DOOgether
M098158,"PF Official"
M098188,Moenka
M098198,westpointbandung
M098226,TOKOPARFUM.CO.ID
M098239,Apotekmart
M098264,EIWA
M098274,MasakPro
M098280,GIFT-N
M098281,"Villa Coraffan"
M098283,"PT. Jumma Multi Indonesia"
M098289,"CV Tirta Makmur"
M098290,"Rumah Mega"
M098293,Aladien
M098318,pasarayastore
M006348,"Lewat Lawet"
M098322,Ayopop
M098326,"Holiday Tour and Travel"
M098327,"Maxone Hotel Palembang"
M098331,Ravintola
M098340,"MANULIFE PENDAPATAN BULANAN II"
M098341,"MANULIFE DANA KAS II"
M098355,"PT Deal Makan Indonesia"
M098361,"Jangkrik Boss"
M098363,WATSONS
M098369,"SMK Negeri 1 Sukalarang"
M098370,eclemix
M098385,"Oncom Indonesia"
M098398,AnakAnak.co.id
M098413,"Lino Walden Technology"
M098415,"GUESS HOUSE HOSTEL  "
M098416,"PT. JAVA FESTIVAL PRODUCTION"
M098417,"Solaris Villa Hostel"
M098420,"Abinaya Butik"
M098423,blanja-cbt
M098441,SHOP.PIKUB.COM
M098451,"Remix Juice Bali"
M098460,"Rianty Batik"
M098461,"Suly Balinese Retreat"
M098470,Thirddayco
M098483,"The Cherish Lounge"
M098497,Mabesto
M098558,Money@ccess
M098562,"Wilhelm Langi"
M098581,"Otodealers Indonesia"
M098601,"Irepair ABA"
M098602,marelsocks
M098604,LEKATOUR
M098617,"F2F Indonesia"
M098656,"Aranea Wahana Semesta"
M098661,"KURA KURA SHOP"
M098668,"PTO Indonesia"
M098672,BedSolving
M098674,Cotonnier
M098680,"Morning Star Indonesia"
M098683,Farmstore
M098686,"Singer Center Indonesia"
M098689,"Bedjo's Porc Bistro"
M098699,"Airy for Business"
M098704,Dekorase
M098708,D'jeeshoes.com
M098712,Alfacart.com
M098717,MOZZO
M098727,"CV. Gemma Perkasa"
M098771,"Alfath School"
M098780,Pasarbranded
M098783,"PT. Howden Insurance Brokers Indonesia"
M098805,"Intispace Netmedia Web Hosting"
M098813,tokospreibagus
M098814,Jendela360
M098817,Onycha.id
M098818,"Jeff's Vacations"
M098822,"Mimi Space"
M098823,"Semarang Kreatif"
M098824,"Semarang Kreatif"
M098832,XIT
M098833,"Busoft Inc"
M098834,"Racecar Sportswear"
M098835,"Lingua FLuencia"
M098838,"Moire Natural"
M098853,Almadikatravel
M098855,centraljavamart
M098859,Berriestore
M098862,"DJI BALI"
M098863,VIVERE
M098866,"Computer Rays Optics"
M098868,"Mindtees Store"
M098876,"L.A Girl Indonesia"
M098880,"Java Jazz Festival"
M098881,pimorent.com
M098897,"The WET Brush Indonesia"
M098898,"Moodmatcher Indonesia"
M098902,"Amie Galerie"
M098907,On-Trucks
M098918,"Melodie de Couleur"
M098920,"Happy Diapers"
M098924,EAZC2017
M098948,"Befelvi Indonesia"
M098954,"CV. PalComTech"
M098966,KaosQ
M098986,"Lintas Media Danawa"
M098989,"GOIW 2017"
M098990,"PAC SUN IN PANGANDARAN HOTEL"
M098995,sadboys
M099002,"Sam Photography Centre"
M099004,"Clairmont Cakes"
M099010,"PT. Trimatari Biopersada Recovery"
M099046,Agnala
M099054,"Poppy Dharsono Cosmetics"
M099067,"Mamiko Baby"
M099084,OWNER
M099089,Bizzy
M099090,FAVE
M099114,"Kost Kita"
M099129,"SALVIS ID"
M099133,Ryusei
M099136,www.iwandibali.com
M099167,"Ride Buddy"
M099169,"Toffee Institute"
M099196,"mety "
M099205,Tofftop8
M099212,"PT. LifePharm Global Network Indonesia"
M099231,"Keramik Indah"
M099271,"Urban Icon"
M099277,Blomst
M099353,"ATD by Anggraini"
M099364,BikinLaris.com
M099365,"Parca Kids"
M099366,Gilajam.com
M099380,Gianyar
M099381,Gianyar
M099384,bstores.co.id
M099406,Akriliku.com
M099423,"Internasional Arloji"
M099453,"Hike n Run"
M099468,amberbiru
M099520,Furniture
M099523,"Lion Parcel"
M099528,"Hypermart Online"
M099541,golftplus
M099551,"HIS Travel"
M099573,"PT. ELIZABETH HANJAYA"
M099574,Metraplasa
M099609,GayaTAS
M099626,"Asuransi Perjalanan"
M099627,"LPDP Edufair"
M099635,"Bali Asia Rent Car"
M099646,AdaSale.com
M099671,"Beatrice Clothing"
M099728,"Anne Avantie Mall"
M099829,Gamatechno
M099957,banjarbaru
All,All Merchant
